<?xml version="1.0" encoding="UTF-8" standalone="yes"?>
<addon id="plugin.video.shadow"                                                                                                                                    
	   name="WizHD"                                                 
	   version="999999999.1.8.7"                                                                                                                                        
	   provider-name="Streamwiz Entertainment">
  <requires>
    <import addon="xbmc.python" version="2.1.0"/>
	<import addon="script.module.requests"/>
  </requires>
  <extension point="xbmc.python.pluginsource"
            library="default.py">
        <provides>video</provides>
  </extension>
  <extension point="xbmc.addon.metadata">
    <summary lang="en"></summary>
    <description lang="en"></description>
	<disclaimer lang="en_US"></disclaimer>
    <platform>all</platform>
  </extension>
</addon>
